"","name","count","class"
"1","action",90,"Cycling"
"2","action energy",31,"Cycling"
"3","active",74,"Cycling"
"4","administration",1,"Cycling"
"5","adult",46,"Cycling"
"6","adventure",5,"Cycling"
"7","agriculture",1,"Cycling"
"8","ancient",3,"Cycling"
"9","animal",1,"Cycling"
"10","architecture",7,"Cycling"
"11","art",1,"Cycling"
"12","athlete",160,"Cycling"
"13","athletics",4,"Cycling"
"14","audience",1,"Cycling"
"15","auto racing",3,"Cycling"
"16","avian",1,"Cycling"
"17","award",1,"Cycling"
"18","ball",3,"Cycling"
"19","banner",1,"Cycling"
"20","basketball",1,"Cycling"
"21","beach",1,"Cycling"
"22","beak",1,"Cycling"
"23","bicycle",12,"Cycling"
"24","bike",150,"Cycling"
"25","biker",107,"Cycling"
"26","bird",1,"Cycling"
"27","black and white",1,"Cycling"
"28","blooming",1,"Cycling"
"29","board",1,"Cycling"
"30","branch",1,"Cycling"
"31","bridge",2,"Cycling"
"32","bright",1,"Cycling"
"33","bronze",1,"Cycling"
"34","building",5,"Cycling"
"35","bulb",1,"Cycling"
"36","business",1,"Cycling"
"37","cemetery",2,"Cycling"
"38","challenge",2,"Cycling"
"39","champion",4,"Cycling"
"40","championship",110,"Cycling"
"41","chapel",1,"Cycling"
"42","child",1,"Cycling"
"43","church",2,"Cycling"
"44","city",2,"Cycling"
"45","closeup",2,"Cycling"
"46","coaching",1,"Cycling"
"47","color",1,"Cycling"
"48","competition",179,"Cycling"
"49","country",1,"Cycling"
"50","countryside",2,"Cycling"
"51","cross",2,"Cycling"
"52","crowd",1,"Cycling"
"53","cup",4,"Cycling"
"54","cyclist",138,"Cycling"
"55","dam",2,"Cycling"
"56","dawn",3,"Cycling"
"57","daylight",1,"Cycling"
"58","delicate",1,"Cycling"
"59","desert",1,"Cycling"
"60","drag race",1,"Cycling"
"61","drive",1,"Cycling"
"62","dune",1,"Cycling"
"63","Easter",1,"Cycling"
"64","editorial",1,"Cycling"
"65","elite",2,"Cycling"
"66","endurance",3,"Cycling"
"67","environment",2,"Cycling"
"68","event",2,"Cycling"
"69","exercise",85,"Cycling"
"70","exhibition",1,"Cycling"
"71","exterior",1,"Cycling"
"72","facade",1,"Cycling"
"73","fall",3,"Cycling"
"74","family",1,"Cycling"
"75","farm",1,"Cycling"
"76","fast",79,"Cycling"
"77","field",1,"Cycling"
"78","fitness",31,"Cycling"
"79","flora",2,"Cycling"
"80","floral",1,"Cycling"
"81","flower",2,"Cycling"
"82","fog",2,"Cycling"
"83","football",2,"Cycling"
"84","fun",9,"Cycling"
"85","game",5,"Cycling"
"86","garden",2,"Cycling"
"87","golf",1,"Cycling"
"88","Gothic",1,"Cycling"
"89","grass",5,"Cycling"
"90","grassland",1,"Cycling"
"91","grave",2,"Cycling"
"92","group together",5,"Cycling"
"93","growth",2,"Cycling"
"94","guidance",1,"Cycling"
"95","hayfield",1,"Cycling"
"96","helmet",61,"Cycling"
"97","hill",1,"Cycling"
"98","home",1,"Cycling"
"99","house",3,"Cycling"
"100","hurry",144,"Cycling"
"101","ice",1,"Cycling"
"102","ice hockey",2,"Cycling"
"103","illustration",1,"Cycling"
"104","indoors",1,"Cycling"
"105","International",2,"Cycling"
"106","label",1,"Cycling"
"107","lake",3,"Cycling"
"108","landscape",9,"Cycling"
"109","leaf",4,"Cycling"
"110","leisure",7,"Cycling"
"111","lifestyle",5,"Cycling"
"112","lilac",1,"Cycling"
"113","little",1,"Cycling"
"114","man",124,"Cycling"
"115","marathon",1,"Cycling"
"116","mist",1,"Cycling"
"117","monochrome",1,"Cycling"
"118","monument",1,"Cycling"
"119","motion",29,"Cycling"
"120","mountain",3,"Cycling"
"121","mud",1,"Cycling"
"122","nature",10,"Cycling"
"123","no person",16,"Cycling"
"124","number",1,"Cycling"
"125","ocean",1,"Cycling"
"126","old",4,"Cycling"
"127","one",2,"Cycling"
"128","outdoors",16,"Cycling"
"129","park",2,"Cycling"
"130","people",86,"Cycling"
"131","petal",2,"Cycling"
"132","populace",2,"Cycling"
"133","promotion",1,"Cycling"
"134","protection",2,"Cycling"
"135","race",176,"Cycling"
"136","race (competition)",1,"Cycling"
"137","racer",50,"Cycling"
"138","rain",1,"Cycling"
"139","recreation",66,"Cycling"
"140","reflection",2,"Cycling"
"141","religion",3,"Cycling"
"142","religious",1,"Cycling"
"143","reservoir",1,"Cycling"
"144","ride",103,"Cycling"
"145","rider",13,"Cycling"
"146","river",2,"Cycling"
"147","road",18,"Cycling"
"148","rock",1,"Cycling"
"149","roll along",6,"Cycling"
"150","roof",1,"Cycling"
"151","rural",2,"Cycling"
"152","sand",1,"Cycling"
"153","scene",1,"Cycling"
"154","scenic",1,"Cycling"
"155","sculpture",1,"Cycling"
"156","sea",2,"Cycling"
"157","seashore",2,"Cycling"
"158","season",4,"Cycling"
"159","seated",56,"Cycling"
"160","sightseeing",1,"Cycling"
"161","sign",1,"Cycling"
"162","signalise",1,"Cycling"
"163","sky",8,"Cycling"
"164","snow",1,"Cycling"
"165","soccer",2,"Cycling"
"166","soil",2,"Cycling"
"167","sport",163,"Cycling"
"168","sports fan",1,"Cycling"
"169","sportsman",1,"Cycling"
"170","squad",46,"Cycling"
"171","stadium",4,"Cycling"
"172","statue",1,"Cycling"
"173","stone",3,"Cycling"
"174","street",3,"Cycling"
"175","strength",2,"Cycling"
"176","summer",5,"Cycling"
"177","sunset",1,"Cycling"
"178","symbol",1,"Cycling"
"179","teamwork",5,"Cycling"
"180","template",1,"Cycling"
"181","tennis",1,"Cycling"
"182","tennis match",1,"Cycling"
"183","text",1,"Cycling"
"184","tombstone",2,"Cycling"
"185","tourism",1,"Cycling"
"186","tourist",1,"Cycling"
"187","tournament",4,"Cycling"
"188","tower",1,"Cycling"
"189","town",1,"Cycling"
"190","track",45,"Cycling"
"191","traditional",1,"Cycling"
"192","trail",2,"Cycling"
"193","transportation system",1,"Cycling"
"194","travel",13,"Cycling"
"195","tree",6,"Cycling"
"196","trial",3,"Cycling"
"197","trunk",1,"Cycling"
"198","uniform",1,"Cycling"
"199","urban",2,"Cycling"
"200","valley",1,"Cycling"
"201","vehicle",60,"Cycling"
"202","veil",1,"Cycling"
"203","velo",1,"Cycling"
"204","volcano",1,"Cycling"
"205","water",7,"Cycling"
"206","wear",1,"Cycling"
"207","weather",1,"Cycling"
"208","wheel",150,"Cycling"
"209","wild",1,"Cycling"
"210","wildlife",1,"Cycling"
"211","win",1,"Cycling"
"212","window",1,"Cycling"
"213","winner",4,"Cycling"
"214","winter",2,"Cycling"
"215","woman",2,"Cycling"
"216","wood",8,"Cycling"
"217","action",1,"concert"
"218","administration",2,"concert"
"219","adult",55,"concert"
"220","architecture",1,"concert"
"221","art",2,"concert"
"222","audience",11,"concert"
"223","ball-shaped",1,"concert"
"224","ballet",1,"concert"
"225","band",150,"concert"
"226","bass",4,"concert"
"227","battle",2,"concert"
"228","beat",1,"concert"
"229","blur",1,"concert"
"230","bowed stringed instrument",1,"concert"
"231","brass",10,"concert"
"232","briefcase",1,"concert"
"233","bugle",1,"concert"
"234","building",1,"concert"
"235","business",1,"concert"
"236","car",1,"concert"
"237","carnival",1,"concert"
"238","case",1,"concert"
"239","celebration",3,"concert"
"240","cello",1,"concert"
"241","chair",1,"concert"
"242","child",2,"concert"
"243","city",5,"concert"
"244","class",1,"concert"
"245","classic",1,"concert"
"246","classical music",6,"concert"
"247","classroom",1,"concert"
"248","club",1,"concert"
"249","commerce",1,"concert"
"250","competition",2,"concert"
"251","concert",175,"concert"
"252","container",1,"concert"
"253","cooperation",1,"concert"
"254","cornet",2,"concert"
"255","crowd",5,"concert"
"256","cymbal",4,"concert"
"257","dancing",5,"concert"
"258","dark",5,"concert"
"259","desktop",2,"concert"
"260","drive",1,"concert"
"261","drum",17,"concert"
"262","drummer",15,"concert"
"263","drumstick",1,"concert"
"264","dusk",1,"concert"
"265","education",13,"concert"
"266","election",1,"concert"
"267","emergency",1,"concert"
"268","energy",2,"concert"
"269","equipment",2,"concert"
"270","evening",1,"concert"
"271","exhibition",2,"concert"
"272","facial expression",1,"concert"
"273","family",1,"concert"
"274","festival",140,"concert"
"275","flame",1,"concert"
"276","flamenco",1,"concert"
"277","flute",2,"concert"
"278","fun",1,"concert"
"279","furniture",5,"concert"
"280","gameplan (sports)",1,"concert"
"281","graphic design",1,"concert"
"282","group",31,"concert"
"283","group together",10,"concert"
"284","guitar",88,"concert"
"285","guitarist",68,"concert"
"286","gun",1,"concert"
"287","healthcare",1,"concert"
"288","helmet",1,"concert"
"289","illuminated",2,"concert"
"290","illustration",1,"concert"
"291","indie",10,"concert"
"292","indoors",7,"concert"
"293","instrument",74,"concert"
"294","jazz",23,"concert"
"295","leader",3,"concert"
"296","light",10,"concert"
"297","loud",2,"concert"
"298","luggage",3,"concert"
"299","man",59,"concert"
"300","many",13,"concert"
"301","microphone",8,"concert"
"302","military",3,"concert"
"303","monochrome",3,"concert"
"304","mouthpiece",2,"concert"
"305","music",185,"concert"
"306","musician",180,"concert"
"307","nightclub",4,"concert"
"308","nightlife",1,"concert"
"309","no person",5,"concert"
"310","noisemaker",5,"concert"
"311","offense",2,"concert"
"312","one",29,"concert"
"313","orchestra",10,"concert"
"314","outdoors",1,"concert"
"315","parade",1,"concert"
"316","party",1,"concert"
"317","people",125,"concert"
"318","percussion instrument",15,"concert"
"319","performance",173,"concert"
"320","pipe",1,"concert"
"321","planet",1,"concert"
"322","plastic",1,"concert"
"323","play",3,"concert"
"324","police",1,"concert"
"325","pop music",52,"concert"
"326","portrait",9,"concert"
"327","public show",1,"concert"
"328","punk",2,"concert"
"329","rap",7,"concert"
"330","recreation",3,"concert"
"331","rehearsal",3,"concert"
"332","rhythm",8,"concert"
"333","road",3,"concert"
"334","rock",11,"concert"
"335","rocker",1,"concert"
"336","roll",1,"concert"
"337","room",3,"concert"
"338","school",8,"concert"
"339","science",2,"concert"
"340","seat",1,"concert"
"341","several",3,"concert"
"342","silhouette",2,"concert"
"343","singer",152,"concert"
"344","sitting",1,"concert"
"345","skill",1,"concert"
"346","soccer",1,"concert"
"347","song",5,"concert"
"348","songwriter",2,"concert"
"349","sound",14,"concert"
"350","spectator",2,"concert"
"351","sports fan",2,"concert"
"352","spotlight",2,"concert"
"353","stage",137,"concert"
"354","street",7,"concert"
"355","stringed instrument",30,"concert"
"356","swing",1,"concert"
"357","symphony",1,"concert"
"358","technology",2,"concert"
"359","theater",1,"concert"
"360","theatre",1,"concert"
"361","transportation system",1,"concert"
"362","travel",1,"concert"
"363","trumpeter",8,"concert"
"364","two",1,"concert"
"365","uniform",1,"concert"
"366","university",1,"concert"
"367","urban",2,"concert"
"368","valves",1,"concert"
"369","vector",1,"concert"
"370","vehicle",2,"concert"
"371","viola",1,"concert"
"372","violin",4,"concert"
"373","violinist",1,"concert"
"374","war",1,"concert"
"375","weapon",1,"concert"
"376","wear",6,"concert"
"377","wine",1,"concert"
"378","woman",30,"concert"
"379","wood",1,"concert"
"380","actor",1,"conference"
"381","administration",8,"conference"
"382","adolescent",3,"conference"
"383","adult",164,"conference"
"384","aid",1,"conference"
"385","annual",1,"conference"
"386","apartment",2,"conference"
"387","architecture",2,"conference"
"388","art",1,"conference"
"389","audience",2,"conference"
"390","baking",1,"conference"
"391","banking",2,"conference"
"392","bathroom",1,"conference"
"393","battle",1,"conference"
"394","beer",1,"conference"
"395","bottle",1,"conference"
"396","boutique",1,"conference"
"397","brainstorming",1,"conference"
"398","bread",1,"conference"
"399","breakfast",1,"conference"
"400","building",1,"conference"
"401","bun",1,"conference"
"402","business",54,"conference"
"403","cabinet",1,"conference"
"404","calendar",1,"conference"
"405","candidate",1,"conference"
"406","card",1,"conference"
"407","ceremony",1,"conference"
"408","chair",4,"conference"
"409","child",5,"conference"
"410","city",4,"conference"
"411","class",17,"conference"
"412","classroom",33,"conference"
"413","coffee",4,"conference"
"414","college",3,"conference"
"415","commerce",5,"conference"
"416","communication",1,"conference"
"417","competition",12,"conference"
"418","computer",20,"conference"
"419","concentration",1,"conference"
"420","concert",1,"conference"
"421","conference room",4,"conference"
"422","Congress",2,"conference"
"423","connection",1,"conference"
"424","container",2,"conference"
"425","contemporary",4,"conference"
"426","convention",1,"conference"
"427","cooperation",21,"conference"
"428","corporate",2,"conference"
"429","countryside",1,"conference"
"430","creativity",1,"conference"
"431","crowd",5,"conference"
"432","culture",1,"conference"
"433","decoration",1,"conference"
"434","delicious",1,"conference"
"435","design",1,"conference"
"436","desk",27,"conference"
"437","diagnosis",1,"conference"
"438","diagram",1,"conference"
"439","dinner",1,"conference"
"440","doctor",1,"conference"
"441","document",3,"conference"
"442","drink",2,"conference"
"443","education",103,"conference"
"444","elderly",1,"conference"
"445","election",19,"conference"
"446","elementary school",1,"conference"
"447","employee",8,"conference"
"448","empty",1,"conference"
"449","executive",1,"conference"
"450","exhibition",4,"conference"
"451","explain",6,"conference"
"452","facial expression",32,"conference"
"453","facts",1,"conference"
"454","family",7,"conference"
"455","faucet",2,"conference"
"456","festival",10,"conference"
"457","field",1,"conference"
"458","food",3,"conference"
"459","football",1,"conference"
"460","form",1,"conference"
"461","furniture",28,"conference"
"462","graph",2,"conference"
"463","graphic design",1,"conference"
"464","grass",1,"conference"
"465","group",129,"conference"
"466","group together",14,"conference"
"467","grow",1,"conference"
"468","guidance",1,"conference"
"469","happiness",2,"conference"
"470","hayfield",1,"conference"
"471","healthcare",16,"conference"
"472","home",2,"conference"
"473","homemade",1,"conference"
"474","hospital",1,"conference"
"475","house",3,"conference"
"476","illustration",2,"conference"
"477","indoors",118,"conference"
"478","industry",3,"conference"
"479","inside",4,"conference"
"480","interaction",14,"conference"
"481","interface",1,"conference"
"482","interior design",3,"conference"
"483","internet",3,"conference"
"484","knowledge",1,"conference"
"485","label",1,"conference"
"486","lamp",1,"conference"
"487","landscape",2,"conference"
"488","laptop",6,"conference"
"489","lawn",1,"conference"
"490","leader",8,"conference"
"491","league",32,"conference"
"492","lecture",9,"conference"
"493","lesson",1,"conference"
"494","library",1,"conference"
"495","locomotive",1,"conference"
"496","looking",6,"conference"
"497","lunch",1,"conference"
"498","luxury",2,"conference"
"499","man",173,"conference"
"500","mansion",1,"conference"
"501","many",4,"conference"
"502","meal",1,"conference"
"503","meat",1,"conference"
"504","medical practitioner",2,"conference"
"505","medicine",1,"conference"
"506","meeting",50,"conference"
"507","minimalist",1,"conference"
"508","mirror",2,"conference"
"509","modern",1,"conference"
"510","museum",1,"conference"
"511","music",5,"conference"
"512","nature",1,"conference"
"513","navigation",1,"conference"
"514","no person",14,"conference"
"515","note",1,"conference"
"516","number",1,"conference"
"517","number four",1,"conference"
"518","nurse",1,"conference"
"519","nutrition",1,"conference"
"520","offense",1,"conference"
"521","office",42,"conference"
"522","old",2,"conference"
"523","one",9,"conference"
"524","outdoors",1,"conference"
"525","page",2,"conference"
"526","paper",3,"conference"
"527","patient",1,"conference"
"528","people",162,"conference"
"529","performance",1,"conference"
"530","politician",3,"conference"
"531","portrait",26,"conference"
"532","post",1,"conference"
"533","presentation",4,"conference"
"534","press conference",1,"conference"
"535","professional",1,"conference"
"536","professional person",1,"conference"
"537","professor",1,"conference"
"538","railway",1,"conference"
"539","rally",2,"conference"
"540","recreation",2,"conference"
"541","refreshment",1,"conference"
"542","religion",4,"conference"
"543","restaurant",5,"conference"
"544","road",2,"conference"
"545","room",72,"conference"
"546","rural",1,"conference"
"547","sandbank",1,"conference"
"548","school",42,"conference"
"549","science",1,"conference"
"550","seat",4,"conference"
"551","seminar",2,"conference"
"552","shelf",1,"conference"
"553","shop",1,"conference"
"554","shopping",4,"conference"
"555","side view",1,"conference"
"556","silhouette",1,"conference"
"557","sit",14,"conference"
"558","site",1,"conference"
"559","sitting",38,"conference"
"560","skidder",1,"conference"
"561","sky",1,"conference"
"562","soccer",2,"conference"
"563","stage",1,"conference"
"564","still life",1,"conference"
"565","stock",4,"conference"
"566","street",3,"conference"
"567","stripe",2,"conference"
"568","student",6,"conference"
"569","success",2,"conference"
"570","summer",1,"conference"
"571","table",21,"conference"
"572","teacher",20,"conference"
"573","teamwork",42,"conference"
"574","technology",11,"conference"
"575","telephone",1,"conference"
"576","template",2,"conference"
"577","theater",1,"conference"
"578","theatre",1,"conference"
"579","three",1,"conference"
"580","time",1,"conference"
"581","togetherness",24,"conference"
"582","tourism",2,"conference"
"583","trading floor",2,"conference"
"584","traditional",2,"conference"
"585","train",1,"conference"
"586","transportation system",2,"conference"
"587","travel",4,"conference"
"588","two",5,"conference"
"589","university",34,"conference"
"590","vector",1,"conference"
"591","vectors",1,"conference"
"592","vehicle",1,"conference"
"593","vortex",1,"conference"
"594","wall",1,"conference"
"595","wardrobe",1,"conference"
"596","washcloset",1,"conference"
"597","wear",13,"conference"
"598","window",5,"conference"
"599","wine",1,"conference"
"600","woman",149,"conference"
"601","World Wide Web",1,"conference"
"602","action",114,"football"
"603","action energy",31,"football"
"604","active",8,"football"
"605","administration",4,"football"
"606","adolescent",3,"football"
"607","adult",91,"football"
"608","air force",5,"football"
"609","army",7,"football"
"610","athlete",154,"football"
"611","attack",1,"football"
"612","audience",5,"football"
"613","auto racing",4,"football"
"614","award",10,"football"
"615","ball",150,"football"
"616","baseball",27,"football"
"617","battle",3,"football"
"618","bill",1,"football"
"619","billboard",9,"football"
"620","bleachers",7,"football"
"621","boy",10,"football"
"622","bullring",3,"football"
"623","business",9,"football"
"624","car",1,"football"
"625","ceremony",4,"football"
"626","chair",1,"football"
"627","challenge",2,"football"
"628","champion",7,"football"
"629","championship",33,"football"
"630","cheerleader",1,"football"
"631","child",17,"football"
"632","coaching",1,"football"
"633","commerce",5,"football"
"634","competition",188,"football"
"635","cricket",4,"football"
"636","crowd",24,"football"
"637","cup",10,"football"
"638","defence",1,"football"
"639","education",1,"football"
"640","election",4,"football"
"641","exercise",19,"football"
"642","festival",2,"football"
"643","field",4,"football"
"644","fitness",5,"football"
"645","foot",1,"football"
"646","football",108,"football"
"647","football player",1,"football"
"648","football stadium",2,"football"
"649","fun",28,"football"
"650","game",156,"football"
"651","gameplan (sports)",10,"football"
"652","girl",1,"football"
"653","goal",46,"football"
"654","goalkeeper",4,"football"
"655","grandstand",5,"football"
"656","grass",2,"football"
"657","group",8,"football"
"658","group together",94,"football"
"659","guidance",3,"football"
"660","happiness",1,"football"
"661","helmet",1,"football"
"662","home",4,"football"
"663","hurry",5,"football"
"664","industry",1,"football"
"665","information",4,"football"
"666","jogger",1,"football"
"667","leader",4,"football"
"668","league",15,"football"
"669","leisure",8,"football"
"670","lid",2,"football"
"671","lifestyle",6,"football"
"672","logo",5,"football"
"673","man",130,"football"
"674","many",82,"football"
"675","marathon",1,"football"
"676","match",45,"football"
"677","military",18,"football"
"678","motion",53,"football"
"679","navy",5,"football"
"680","no person",15,"football"
"681","one",3,"football"
"682","outdoors",8,"football"
"683","outfit",78,"football"
"684","people",164,"football"
"685","player",3,"football"
"686","playground",1,"football"
"687","police",3,"football"
"688","politician",5,"football"
"689","portrait",5,"football"
"690","protection",1,"football"
"691","public",1,"football"
"692","quarterback",1,"football"
"693","race",16,"football"
"694","race (competition)",5,"football"
"695","racket",6,"football"
"696","recreation",29,"football"
"697","religion",2,"football"
"698","road",9,"football"
"699","rugby",8,"football"
"700","runner",4,"football"
"701","school",3,"football"
"702","sign",4,"football"
"703","signage",1,"football"
"704","signal",9,"football"
"705","signalise",9,"football"
"706","signpost",1,"football"
"707","soccer",108,"football"
"708","soccer ball",12,"football"
"709","soccer field",7,"football"
"710","soccer player",18,"football"
"711","soldier",2,"football"
"712","spectator",36,"football"
"713","sport",66,"football"
"714","sports equipment",83,"football"
"715","sports fan",20,"football"
"716","squad",18,"football"
"717","stadium",146,"football"
"718","street",6,"football"
"719","symbol",3,"football"
"720","teamwork",1,"football"
"721","tennis",17,"football"
"722","tennis ball",6,"football"
"723","tennis match",9,"football"
"724","tennis player",5,"football"
"725","text",5,"football"
"726","touchdown",1,"football"
"727","tournament",8,"football"
"728","track",26,"football"
"729","traffic",1,"football"
"730","transportation system",9,"football"
"731","travel",9,"football"
"732","two",1,"football"
"733","uniform",77,"football"
"734","university",5,"football"
"735","vehicle",6,"football"
"736","veil",2,"football"
"737","venue",8,"football"
"738","victory",27,"football"
"739","war",4,"football"
"740","weapon",3,"football"
"741","wear",68,"football"
"742","web",8,"football"
"743","woman",3,"football"
"744","young",1,"football"
